Timestamp,Name,Phone number,Experience in years with Angular,Email address
07/11/2021 10:43:05,Roee Rokah,0542207916,1,roee.ro@next-insurance.com
07/11/2021 10:43:05,Shmuel kovol,0542207916,1,roee.ro@next-insurance.com
07/11/2021 10:43:05,Mohamad badir,0542207916,1,roee.ro@next-insurance.com
07/11/2021 10:43:05,Romeo bazerano,0542207916,1,roee.ro@next-insurance.com
07/11/2021 10:43:05,Yulia zhumachenko,0542207916,1,roee.ro@next-insurance.com
07/11/2021 10:43:05,Mohamad Adir,0542207916,1,roee.ro@next-insurance.com
07/11/2021 10:43:05,Roee Rokah,0542207916,1,roee.ro@next-insurance.com
07/11/2021 10:43:05,Shmuel kovol,0542207916,1,roee.ro@next-insurance.com
07/11/2021 10:43:05,Mohamad badir,0542207916,1,roee.ro@next-insurance.com
07/11/2021 10:43:05,Romeo bazerano,0542207916,1,roee.ro@next-insurance.com
07/11/2021 10:43:05,Yulia zhumachenko,0542207916,1,roee.ro@next-insurance.com
07/11/2021 10:43:05,Mohamad Adir,0542207916,1,roee.ro@next-insurance.com
07/11/2021 10:43:05,Roee Rokah,0542207916,1,roee.ro@next-insurance.com
07/11/2021 10:43:05,Shmuel kovol,0542207916,1,roee.ro@next-insurance.com
07/11/2021 10:43:05,Mohamad badir,0542207916,1,roee.ro@next-insurance.com
07/11/2021 10:43:05,Romeo bazerano,0542207916,1,roee.ro@next-insurance.com
07/11/2021 10:43:05,Yulia zhumachenko,0542207916,1,roee.ro@next-insurance.com
07/11/2021 10:43:05,Mohamad Adir,0542207916,1,roee.ro@next-insurance.com
07/11/2021 10:43:05,Roee Rokah,0542207916,1,roee.ro@next-insurance.com
07/11/2021 10:43:05,Shmuel kovol,0542207916,1,roee.ro@next-insurance.com
07/11/2021 10:43:05,Mohamad badir,0542207916,1,roee.ro@next-insurance.com
07/11/2021 10:43:05,Romeo bazerano,0542207916,1,roee.ro@next-insurance.com
07/11/2021 10:43:05,Yulia zhumachenko,0542207916,1,roee.ro@next-insurance.com
07/11/2021 10:43:05,Mohamad Adir,0542207916,1,roee.ro@next-insurance.com
07/11/2021 10:43:05,Roee Rokah,0542207916,1,roee.ro@next-insurance.com
07/11/2021 10:43:05,Shmuel kovol,0542207916,1,roee.ro@next-insurance.com
07/11/2021 10:43:05,Mohamad badir,0542207916,1,roee.ro@next-insurance.com
07/11/2021 10:43:05,Romeo bazerano,0542207916,1,roee.ro@next-insurance.com
07/11/2021 10:43:05,Yulia zhumachenko,0542207916,1,roee.ro@next-insurance.com
07/11/2021 10:43:05,Mohamad Adir,0542207916,1,roee.ro@next-insurance.com
07/11/2021 10:43:05,Roee Rokah,0542207916,1,roee.ro@next-insurance.com
07/11/2021 10:43:05,Shmuel kovol,0542207916,1,roee.ro@next-insurance.com
07/11/2021 10:43:05,Mohamad badir,0542207916,1,roee.ro@next-insurance.com
07/11/2021 10:43:05,Romeo bazerano,0542207916,1,roee.ro@next-insurance.com
07/11/2021 10:43:05,Yulia zhumachenko,0542207916,1,roee.ro@next-insurance.com
07/11/2021 10:43:05,Mohamad Adir,0542207916,1,roee.ro@next-insurance.com
07/11/2021 10:43:05,Roee Rokah,0542207916,1,roee.ro@next-insurance.com
07/11/2021 10:43:05,Shmuel kovol,0542207916,1,roee.ro@next-insurance.com
07/11/2021 10:43:05,Mohamad badir,0542207916,1,roee.ro@next-insurance.com
07/11/2021 10:43:05,Romeo bazerano,0542207916,1,roee.ro@next-insurance.com
07/11/2021 10:43:05,Yulia zhumachenko,0542207916,1,roee.ro@next-insurance.com
07/11/2021 10:43:05,Mohamad Adir,0542207916,1,roee.ro@next-insurance.com
07/11/2021 10:43:05,Roee Rokah,0542207916,1,roee.ro@next-insurance.com
07/11/2021 10:43:05,Shmuel kovol,0542207916,1,roee.ro@next-insurance.com
07/11/2021 10:43:05,Mohamad badir,0542207916,1,roee.ro@next-insurance.com
07/11/2021 10:43:05,Romeo bazerano,0542207916,1,roee.ro@next-insurance.com
07/11/2021 10:43:05,Yulia zhumachenko,0542207916,1,roee.ro@next-insurance.com
07/11/2021 10:43:05,Mohamad Adir,0542207916,1,roee.ro@next-insurance.com
07/11/2021 10:43:05,Roee Rokah,0542207916,1,roee.ro@next-insurance.com
07/11/2021 10:43:05,Shmuel kovol,0542207916,1,roee.ro@next-insurance.com
07/11/2021 10:43:05,Mohamad badir,0542207916,1,roee.ro@next-insurance.com
07/11/2021 10:43:05,Romeo bazerano,0542207916,1,roee.ro@next-insurance.com
07/11/2021 10:43:05,Yulia zhumachenko,0542207916,1,roee.ro@next-insurance.com
07/11/2021 10:43:05,Mohamad Adir,0542207916,1,roee.ro@next-insurance.com
07/11/2021 10:43:05,Roee Rokah,0542207916,1,roee.ro@next-insurance.com
07/11/2021 10:43:05,Shmuel kovol,0542207916,1,roee.ro@next-insurance.com
07/11/2021 10:43:05,Mohamad badir,0542207916,1,roee.ro@next-insurance.com
07/11/2021 10:43:05,Romeo bazerano,0542207916,1,roee.ro@next-insurance.com
07/11/2021 10:43:05,Yulia zhumachenko,0542207916,1,roee.ro@next-insurance.com
07/11/2021 10:43:05,Mohamad Adir,0542207916,1,roee.ro@next-insurance.com
07/11/2021 10:43:05,Roee Rokah,0542207916,1,roee.ro@next-insurance.com
07/11/2021 10:43:05,Shmuel kovol,0542207916,1,roee.ro@next-insurance.com
07/11/2021 10:43:05,Mohamad badir,0542207916,1,roee.ro@next-insurance.com
07/11/2021 10:43:05,Romeo bazerano,0542207916,1,roee.ro@next-insurance.com
07/11/2021 10:43:05,Yulia zhumachenko,0542207916,1,roee.ro@next-insurance.com
07/11/2021 10:43:05,Mohamad Adir,0542207916,1,roee.ro@next-insurance.com
07/11/2021 10:43:05,Roee Rokah,0542207916,1,roee.ro@next-insurance.com
07/11/2021 10:43:05,Shmuel kovol,0542207916,1,roee.ro@next-insurance.com
07/11/2021 10:43:05,Mohamad badir,0542207916,1,roee.ro@next-insurance.com
07/11/2021 10:43:05,Romeo bazerano,0542207916,1,roee.ro@next-insurance.com
07/11/2021 10:43:05,Yulia zhumachenko,0542207916,1,roee.ro@next-insurance.com
07/11/2021 10:43:05,Mohamad Adir,0542207916,1,roee.ro@next-insurance.com
07/11/2021 10:43:05,Roee Rokah,0542207916,1,roee.ro@next-insurance.com
07/11/2021 10:43:05,Shmuel kovol,0542207916,1,roee.ro@next-insurance.com
07/11/2021 10:43:05,Mohamad badir,0542207916,1,roee.ro@next-insurance.com
07/11/2021 10:43:05,Romeo bazerano,0542207916,1,roee.ro@next-insurance.com
07/11/2021 10:43:05,Yulia zhumachenko,0542207916,1,roee.ro@next-insurance.com
07/11/2021 10:43:05,Mohamad Adir,0542207916,1,roee.ro@next-insurance.com
07/11/2021 10:43:05,Roee Rokah,0542207916,1,roee.ro@next-insurance.com
07/11/2021 10:43:05,Shmuel kovol,0542207916,1,roee.ro@next-insurance.com
07/11/2021 10:43:05,Mohamad badir,0542207916,1,roee.ro@next-insurance.com
07/11/2021 10:43:05,Romeo bazerano,0542207916,1,roee.ro@next-insurance.com
07/11/2021 10:43:05,Yulia zhumachenko,0542207916,1,roee.ro@next-insurance.com
07/11/2021 10:43:05,Mohamad Adir,0542207916,1,roee.ro@next-insurance.com
07/11/2021 10:43:05,Roee Rokah,0542207916,1,roee.ro@next-insurance.com
07/11/2021 10:43:05,Shmuel kovol,0542207916,1,roee.ro@next-insurance.com
07/11/2021 10:43:05,Mohamad badir,0542207916,1,roee.ro@next-insurance.com
07/11/2021 10:43:05,Romeo bazerano,0542207916,1,roee.ro@next-insurance.com
07/11/2021 10:43:05,Yulia zhumachenko,0542207916,1,roee.ro@next-insurance.com
07/11/2021 10:43:05,Mohamad Adir,0542207916,1,roee.ro@next-insurance.com
07/11/2021 10:43:05,Roee Rokah,0542207916,1,roee.ro@next-insurance.com
07/11/2021 10:43:05,Shmuel kovol,0542207916,1,roee.ro@next-insurance.com
07/11/2021 10:43:05,Mohamad badir,0542207916,1,roee.ro@next-insurance.com
07/11/2021 10:43:05,Romeo bazerano,0542207916,1,roee.ro@next-insurance.com
07/11/2021 10:43:05,Yulia zhumachenko,0542207916,1,roee.ro@next-insurance.com
07/11/2021 10:43:05,Mohamad Adir,0542207916,1,roee.ro@next-insurance.com
07/11/2021 10:43:05,Roee Rokah,0542207916,1,roee.ro@next-insurance.com
07/11/2021 10:43:05,Shmuel kovol,0542207916,1,roee.ro@next-insurance.com
07/11/2021 10:43:05,Mohamad badir,0542207916,1,roee.ro@next-insurance.com
07/11/2021 10:43:05,Romeo bazerano,0542207916,1,roee.ro@next-insurance.com
07/11/2021 10:43:05,Yulia zhumachenko,0542207916,1,roee.ro@next-insurance.com
07/11/2021 10:43:05,Mohamad Adir,0542207916,1,roee.ro@next-insurance.com
07/11/2021 10:43:05,Roee Rokah,0542207916,1,roee.ro@next-insurance.com
07/11/2021 10:43:05,Shmuel kovol,0542207916,1,roee.ro@next-insurance.com
07/11/2021 10:43:05,Mohamad badir,0542207916,1,roee.ro@next-insurance.com
07/11/2021 10:43:05,Romeo bazerano,0542207916,1,roee.ro@next-insurance.com
07/11/2021 10:43:05,Yulia zhumachenko,0542207916,1,roee.ro@next-insurance.com
07/11/2021 10:43:05,Mohamad Adir,0542207916,1,roee.ro@next-insurance.com
07/11/2021 10:43:05,Roee Rokah,0542207916,1,roee.ro@next-insurance.com
07/11/2021 10:43:05,Shmuel kovol,0542207916,1,roee.ro@next-insurance.com
07/11/2021 10:43:05,Mohamad badir,0542207916,1,roee.ro@next-insurance.com
07/11/2021 10:43:05,Romeo bazerano,0542207916,1,roee.ro@next-insurance.com
07/11/2021 10:43:05,Yulia zhumachenko,0542207916,1,roee.ro@next-insurance.com
07/11/2021 10:43:05,Mohamad Adir,0542207916,1,roee.ro@next-insurance.com
07/11/2021 10:43:05,Roee Rokah,0542207916,1,roee.ro@next-insurance.com
07/11/2021 10:43:05,Shmuel kovol,0542207916,1,roee.ro@next-insurance.com
07/11/2021 10:43:05,Mohamad badir,0542207916,1,roee.ro@next-insurance.com
07/11/2021 10:43:05,Romeo bazerano,0542207916,1,roee.ro@next-insurance.com
07/11/2021 10:43:05,Yulia zhumachenko,0542207916,1,roee.ro@next-insurance.com
07/11/2021 10:43:05,Mohamad Adir,0542207916,1,roee.ro@next-insurance.com
07/11/2021 10:43:05,Roee Rokah,0542207916,1,roee.ro@next-insurance.com
07/11/2021 10:43:05,Shmuel kovol,0542207916,1,roee.ro@next-insurance.com
07/11/2021 10:43:05,Mohamad badir,0542207916,1,roee.ro@next-insurance.com
07/11/2021 10:43:05,Romeo bazerano,0542207916,1,roee.ro@next-insurance.com
07/11/2021 10:43:05,Yulia zhumachenko,0542207916,1,roee.ro@next-insurance.com
07/11/2021 10:43:05,Mohamad Adir,0542207916,1,roee.ro@next-insurance.com
07/11/2021 10:43:05,Roee Rokah,0542207916,1,roee.ro@next-insurance.com
07/11/2021 10:43:05,Shmuel kovol,0542207916,1,roee.ro@next-insurance.com
07/11/2021 10:43:05,Mohamad badir,0542207916,1,roee.ro@next-insurance.com
07/11/2021 10:43:05,Romeo bazerano,0542207916,1,roee.ro@next-insurance.com
07/11/2021 10:43:05,Yulia zhumachenko,0542207916,1,roee.ro@next-insurance.com
07/11/2021 10:43:05,Mohamad Adir,0542207916,1,roee.ro@next-insurance.com
07/11/2021 10:43:05,Roee Rokah,0542207916,1,roee.ro@next-insurance.com
07/11/2021 10:43:05,Shmuel kovol,0542207916,1,roee.ro@next-insurance.com
07/11/2021 10:43:05,Mohamad badir,0542207916,1,roee.ro@next-insurance.com
07/11/2021 10:43:05,Romeo bazerano,0542207916,1,roee.ro@next-insurance.com
07/11/2021 10:43:05,Yulia zhumachenko,0542207916,1,roee.ro@next-insurance.com
07/11/2021 10:43:05,Mohamad Adir,0542207916,1,roee.ro@next-insurance.com
07/11/2021 10:43:05,Roee Rokah,0542207916,1,roee.ro@next-insurance.com
07/11/2021 10:43:05,Shmuel kovol,0542207916,1,roee.ro@next-insurance.com
07/11/2021 10:43:05,Mohamad badir,0542207916,1,roee.ro@next-insurance.com
07/11/2021 10:43:05,Romeo bazerano,0542207916,1,roee.ro@next-insurance.com
07/11/2021 10:43:05,Yulia zhumachenko,0542207916,1,roee.ro@next-insurance.com
07/11/2021 10:43:05,Mohamad Adir,0542207916,1,roee.ro@next-insurance.com
07/11/2021 10:43:05,Roee Rokah,0542207916,1,roee.ro@next-insurance.com
07/11/2021 10:43:05,Shmuel kovol,0542207916,1,roee.ro@next-insurance.com
07/11/2021 10:43:05,Mohamad badir,0542207916,1,roee.ro@next-insurance.com
07/11/2021 10:43:05,Romeo bazerano,0542207916,1,roee.ro@next-insurance.com
07/11/2021 10:43:05,Yulia zhumachenko,0542207916,1,roee.ro@next-insurance.com
07/11/2021 10:43:05,Mohamad Adir,0542207916,1,roee.ro@next-insurance.com
07/11/2021 10:43:05,Roee Rokah,0542207916,1,roee.ro@next-insurance.com
07/11/2021 10:43:05,Shmuel kovol,0542207916,1,roee.ro@next-insurance.com
07/11/2021 10:43:05,Mohamad badir,0542207916,1,roee.ro@next-insurance.com
07/11/2021 10:43:05,Romeo bazerano,0542207916,1,roee.ro@next-insurance.com
07/11/2021 10:43:05,Yulia zhumachenko,0542207916,1,roee.ro@next-insurance.com
07/11/2021 10:43:05,Mohamad Adir,0542207916,1,roee.ro@next-insurance.com
07/11/2021 10:43:05,Roee Rokah,0542207916,1,roee.ro@next-insurance.com
07/11/2021 10:43:05,Shmuel kovol,0542207916,1,roee.ro@next-insurance.com
07/11/2021 10:43:05,Mohamad badir,0542207916,1,roee.ro@next-insurance.com
07/11/2021 10:43:05,Romeo bazerano,0542207916,1,roee.ro@next-insurance.com
07/11/2021 10:43:05,Yulia zhumachenko,0542207916,1,roee.ro@next-insurance.com
07/11/2021 10:43:05,Mohamad Adir,0542207916,1,roee.ro@next-insurance.com
07/11/2021 10:43:05,Roee Rokah,0542207916,1,roee.ro@next-insurance.com
07/11/2021 10:43:05,Shmuel kovol,0542207916,1,roee.ro@next-insurance.com
07/11/2021 10:43:05,Mohamad badir,0542207916,1,roee.ro@next-insurance.com
07/11/2021 10:43:05,Romeo bazerano,0542207916,1,roee.ro@next-insurance.com
07/11/2021 10:43:05,Yulia zhumachenko,0542207916,1,roee.ro@next-insurance.com
07/11/2021 10:43:05,Mohamad Adir,0542207916,1,roee.ro@next-insurance.com
07/11/2021 10:43:05,Roee Rokah,0542207916,1,roee.ro@next-insurance.com
07/11/2021 10:43:05,Shmuel kovol,0542207916,1,roee.ro@next-insurance.com
07/11/2021 10:43:05,Mohamad badir,0542207916,1,roee.ro@next-insurance.com
07/11/2021 10:43:05,Romeo bazerano,0542207916,1,roee.ro@next-insurance.com
07/11/2021 10:43:05,Yulia zhumachenko,0542207916,1,roee.ro@next-insurance.com
07/11/2021 10:43:05,Mohamad Adir,0542207916,1,roee.ro@next-insurance.com
07/11/2021 10:43:05,Roee Rokah,0542207916,1,roee.ro@next-insurance.com
07/11/2021 10:43:05,Shmuel kovol,0542207916,1,roee.ro@next-insurance.com
07/11/2021 10:43:05,Mohamad badir,0542207916,1,roee.ro@next-insurance.com
07/11/2021 10:43:05,Romeo bazerano,0542207916,1,roee.ro@next-insurance.com
07/11/2021 10:43:05,Yulia zhumachenko,0542207916,1,roee.ro@next-insurance.com
07/11/2021 10:43:05,Mohamad Adir,0542207916,1,roee.ro@next-insurance.com
07/11/2021 10:43:05,Roee Rokah,0542207916,1,roee.ro@next-insurance.com
07/11/2021 10:43:05,Shmuel kovol,0542207916,1,roee.ro@next-insurance.com
07/11/2021 10:43:05,Mohamad badir,0542207916,1,roee.ro@next-insurance.com
07/11/2021 10:43:05,Romeo bazerano,0542207916,1,roee.ro@next-insurance.com
07/11/2021 10:43:05,Yulia zhumachenko,0542207916,1,roee.ro@next-insurance.com
07/11/2021 10:43:05,Mohamad Adir,0542207916,1,roee.ro@next-insurance.com
07/11/2021 10:43:05,Roee Rokah,0542207916,1,roee.ro@next-insurance.com
07/11/2021 10:43:05,Shmuel kovol,0542207916,1,roee.ro@next-insurance.com
07/11/2021 10:43:05,Mohamad badir,0542207916,1,roee.ro@next-insurance.com
07/11/2021 10:43:05,Romeo bazerano,0542207916,1,roee.ro@next-insurance.com
07/11/2021 10:43:05,Yulia zhumachenko,0542207916,1,roee.ro@next-insurance.com
07/11/2021 10:43:05,Mohamad Adir,0542207916,1,roee.ro@next-insurance.com
07/11/2021 10:43:05,Roee Rokah,0542207916,1,roee.ro@next-insurance.com
07/11/2021 10:43:05,Shmuel kovol,0542207916,1,roee.ro@next-insurance.com
07/11/2021 10:43:05,Mohamad badir,0542207916,1,roee.ro@next-insurance.com
07/11/2021 10:43:05,Romeo bazerano,0542207916,1,roee.ro@next-insurance.com
07/11/2021 10:43:05,Yulia zhumachenko,0542207916,1,roee.ro@next-insurance.com
07/11/2021 10:43:05,Mohamad Adir,0542207916,1,roee.ro@next-insurance.com
07/11/2021 10:43:05,Roee Rokah,0542207916,1,roee.ro@next-insurance.com
07/11/2021 10:43:05,Shmuel kovol,0542207916,1,roee.ro@next-insurance.com
07/11/2021 10:43:05,Mohamad badir,0542207916,1,roee.ro@next-insurance.com
07/11/2021 10:43:05,Romeo bazerano,0542207916,1,roee.ro@next-insurance.com
07/11/2021 10:43:05,Yulia zhumachenko,0542207916,1,roee.ro@next-insurance.com
07/11/2021 10:43:05,Mohamad Adir,0542207916,1,roee.ro@next-insurance.com
07/11/2021 10:43:05,Roee Rokah,0542207916,1,roee.ro@next-insurance.com
07/11/2021 10:43:05,Shmuel kovol,0542207916,1,roee.ro@next-insurance.com
07/11/2021 10:43:05,Mohamad badir,0542207916,1,roee.ro@next-insurance.com
07/11/2021 10:43:05,Romeo bazerano,0542207916,1,roee.ro@next-insurance.com
07/11/2021 10:43:05,Yulia zhumachenko,0542207916,1,roee.ro@next-insurance.com
07/11/2021 10:43:05,Mohamad Adir,0542207916,1,roee.ro@next-insurance.com
07/11/2021 10:43:05,Roee Rokah,0542207916,1,roee.ro@next-insurance.com
07/11/2021 10:43:05,Shmuel kovol,0542207916,1,roee.ro@next-insurance.com
07/11/2021 10:43:05,Mohamad badir,0542207916,1,roee.ro@next-insurance.com
07/11/2021 10:43:05,Romeo bazerano,0542207916,1,roee.ro@next-insurance.com
07/11/2021 10:43:05,Yulia zhumachenko,0542207916,1,roee.ro@next-insurance.com
07/11/2021 10:43:05,Mohamad Adir,0542207916,1,roee.ro@next-insurance.com
07/11/2021 10:43:05,Roee Rokah,0542207916,1,roee.ro@next-insurance.com
07/11/2021 10:43:05,Shmuel kovol,0542207916,1,roee.ro@next-insurance.com
07/11/2021 10:43:05,Mohamad badir,0542207916,1,roee.ro@next-insurance.com
07/11/2021 10:43:05,Romeo bazerano,0542207916,1,roee.ro@next-insurance.com
07/11/2021 10:43:05,Yulia zhumachenko,0542207916,1,roee.ro@next-insurance.com
07/11/2021 10:43:05,Mohamad Adir,0542207916,1,roee.ro@next-insurance.com
07/11/2021 10:43:05,Roee Rokah,0542207916,1,roee.ro@next-insurance.com
07/11/2021 10:43:05,Shmuel kovol,0542207916,1,roee.ro@next-insurance.com
07/11/2021 10:43:05,Mohamad badir,0542207916,1,roee.ro@next-insurance.com
07/11/2021 10:43:05,Romeo bazerano,0542207916,1,roee.ro@next-insurance.com
07/11/2021 10:43:05,Yulia zhumachenko,0542207916,1,roee.ro@next-insurance.com
07/11/2021 10:43:05,Mohamad Adir,0542207916,1,roee.ro@next-insurance.com
07/11/2021 10:43:05,Roee Rokah,0542207916,1,roee.ro@next-insurance.com
07/11/2021 10:43:05,Shmuel kovol,0542207916,1,roee.ro@next-insurance.com
07/11/2021 10:43:05,Mohamad badir,0542207916,1,roee.ro@next-insurance.com
07/11/2021 10:43:05,Romeo bazerano,0542207916,1,roee.ro@next-insurance.com
07/11/2021 10:43:05,Yulia zhumachenko,0542207916,1,roee.ro@next-insurance.com
07/11/2021 10:43:05,Mohamad Adir,0542207916,1,roee.ro@next-insurance.com
07/11/2021 10:43:05,Roee Rokah,0542207916,1,roee.ro@next-insurance.com
07/11/2021 10:43:05,Shmuel kovol,0542207916,1,roee.ro@next-insurance.com
07/11/2021 10:43:05,Mohamad badir,0542207916,1,roee.ro@next-insurance.com
07/11/2021 10:43:05,Romeo bazerano,0542207916,1,roee.ro@next-insurance.com
07/11/2021 10:43:05,Yulia zhumachenko,0542207916,1,roee.ro@next-insurance.com
07/11/2021 10:43:05,Mohamad Adir,0542207916,1,roee.ro@next-insurance.com
07/11/2021 10:43:05,Roee Rokah,0542207916,1,roee.ro@next-insurance.com
07/11/2021 10:43:05,Shmuel kovol,0542207916,1,roee.ro@next-insurance.com
07/11/2021 10:43:05,Mohamad badir,0542207916,1,roee.ro@next-insurance.com
07/11/2021 10:43:05,Romeo bazerano,0542207916,1,roee.ro@next-insurance.com
07/11/2021 10:43:05,Yulia zhumachenko,0542207916,1,roee.ro@next-insurance.com
07/11/2021 10:43:05,Mohamad Adir,0542207916,1,roee.ro@next-insurance.com
07/11/2021 10:43:05,Roee Rokah,0542207916,1,roee.ro@next-insurance.com
07/11/2021 10:43:05,Shmuel kovol,0542207916,1,roee.ro@next-insurance.com
07/11/2021 10:43:05,Mohamad badir,0542207916,1,roee.ro@next-insurance.com
07/11/2021 10:43:05,Romeo bazerano,0542207916,1,roee.ro@next-insurance.com
07/11/2021 10:43:05,Yulia zhumachenko,0542207916,1,roee.ro@next-insurance.com
07/11/2021 10:43:05,Mohamad Adir,0542207916,1,roee.ro@next-insurance.com
07/11/2021 10:43:05,Roee Rokah,0542207916,1,roee.ro@next-insurance.com
07/11/2021 10:43:05,Shmuel kovol,0542207916,1,roee.ro@next-insurance.com
07/11/2021 10:43:05,Mohamad badir,0542207916,1,roee.ro@next-insurance.com
07/11/2021 10:43:05,Romeo bazerano,0542207916,1,roee.ro@next-insurance.com
07/11/2021 10:43:05,Yulia zhumachenko,0542207916,1,roee.ro@next-insurance.com
07/11/2021 10:43:05,Mohamad Adir,0542207916,1,roee.ro@next-insurance.com
07/11/2021 10:43:05,Roee Rokah,0542207916,1,roee.ro@next-insurance.com
07/11/2021 10:43:05,Shmuel kovol,0542207916,1,roee.ro@next-insurance.com
07/11/2021 10:43:05,Mohamad badir,0542207916,1,roee.ro@next-insurance.com
07/11/2021 10:43:05,Romeo bazerano,0542207916,1,roee.ro@next-insurance.com
07/11/2021 10:43:05,Yulia zhumachenko,0542207916,1,roee.ro@next-insurance.com
07/11/2021 10:43:05,Mohamad Adir,0542207916,1,roee.ro@next-insurance.com
07/11/2021 10:43:05,Roee Rokah,0542207916,1,roee.ro@next-insurance.com
07/11/2021 10:43:05,Shmuel kovol,0542207916,1,roee.ro@next-insurance.com
07/11/2021 10:43:05,Mohamad badir,0542207916,1,roee.ro@next-insurance.com
07/11/2021 10:43:05,Romeo bazerano,0542207916,1,roee.ro@next-insurance.com
07/11/2021 10:43:05,Yulia zhumachenko,0542207916,1,roee.ro@next-insurance.com
07/11/2021 10:43:05,Mohamad Adir,0542207916,1,roee.ro@next-insurance.com
07/11/2021 10:43:05,Roee Rokah,0542207916,1,roee.ro@next-insurance.com
07/11/2021 10:43:05,Shmuel kovol,0542207916,1,roee.ro@next-insurance.com
07/11/2021 10:43:05,Mohamad badir,0542207916,1,roee.ro@next-insurance.com
07/11/2021 10:43:05,Romeo bazerano,0542207916,1,roee.ro@next-insurance.com
07/11/2021 10:43:05,Yulia zhumachenko,0542207916,1,roee.ro@next-insurance.com
07/11/2021 10:43:05,Mohamad Adir,0542207916,1,roee.ro@next-insurance.com
07/11/2021 10:43:05,Roee Rokah,0542207916,1,roee.ro@next-insurance.com
07/11/2021 10:43:05,Shmuel kovol,0542207916,1,roee.ro@next-insurance.com
07/11/2021 10:43:05,Mohamad badir,0542207916,1,roee.ro@next-insurance.com
07/11/2021 10:43:05,Romeo bazerano,0542207916,1,roee.ro@next-insurance.com
07/11/2021 10:43:05,Yulia zhumachenko,0542207916,1,roee.ro@next-insurance.com
07/11/2021 10:43:05,Mohamad Adir,0542207916,1,roee.ro@next-insurance.com
07/11/2021 10:43:05,Roee Rokah,0542207916,1,roee.ro@next-insurance.com
07/11/2021 10:43:05,Shmuel kovol,0542207916,1,roee.ro@next-insurance.com
07/11/2021 10:43:05,Mohamad badir,0542207916,1,roee.ro@next-insurance.com
07/11/2021 10:43:05,Romeo bazerano,0542207916,1,roee.ro@next-insurance.com
07/11/2021 10:43:05,Yulia zhumachenko,0542207916,1,roee.ro@next-insurance.com
07/11/2021 10:43:05,Mohamad Adir,0542207916,1,roee.ro@next-insurance.com
